resource,consumer
Diatoms_centric,Abyssianira_argentenensis
Diatoms_centric,Abyssianira_dentifrons
Diatoms_centric,Abyssianira_spp
Detritus,Acanthoserolis_schythei
Necromass,Acodontaster_elongatus
Necromass,Acodontaster_sp
Eurhomalea_sp,Adelomelon_ancilla
Fusitriton_magellanicus,Adelomelon_ancilla
Zygochlamys_patagonica,Adelomelon_ancilla
Detritus,Advenogonium_fuegiae
Eteone_aurantiaca,Aglaophamus_virginis
Eteone_sp,Aglaophamus_virginis
Foraminifera,Aglaophamus_virginis
Lumbrineriidae,Aglaophamus_virginis
Orbiniidae,Aglaophamus_virginis
Syllidae,Aglaophamus_virginis
Diatoms_centric,Alcyonium_antarcticum
Detritus,Allorostrata_ovalis
Detritus,Allorostrata_scutifrons
Acanthoserolis_schythei,Amblyraja_georgiana
Aglaophamus_virginis,Amblyraja_georgiana
Austrocidaris_canaliculata,Amblyraja_georgiana
Austrocidaris_spinulosida,Amblyraja_georgiana
Boccardia_sp,Amblyraja_georgiana
Doryteuthis_gahi,Amblyraja_georgiana
Eucranta_sp,Amblyraja_georgiana
Euphausia_spp,Amblyraja_georgiana
Harmothoe_sp,Amblyraja_georgiana
Hermadion_magalhaensi,Amblyraja_georgiana
Lepidonotothen_squamifrons,Amblyraja_georgiana
Metepimeria_acanthurus,Amblyraja_georgiana
Muraenolepis_marmorata,Amblyraja_georgiana
Muraenolepis_orangiensis,Amblyraja_georgiana
Muraenolepis_sp,Amblyraja_georgiana
Natatolana_pastorei,Amblyraja_georgiana
Neoserolis_exigua,Amblyraja_georgiana
Nephtys_sp,Amblyraja_georgiana
Patagonotothen_guntheri,Amblyraja_georgiana
Polydora_sp,Amblyraja_georgiana
Polyeunoa_laevis,Amblyraja_georgiana
Spiophanes_sp,Amblyraja_georgiana
Themisto_gaudichaudii,Amblyraja_georgiana
Trophon_geversianus,Amblyraja_georgiana
Trophon_ohlini,Amblyraja_georgiana
Trophon_plicatus,Amblyraja_georgiana
Diatoms_centric,Ampharete_kerguelensis
Bacteria,Ampharete_kerguelensis
Detritus,Ampharete_kerguelensis
Foraminifera,Ampharete_kerguelensis
Trophon_geversianus,Anasterias_antarctica
Trophon_ohlini,Anasterias_antarctica
Trophon_plicatus,Anasterias_antarctica
Halicarcinus_planatus,Anasterias_sp
Harmothoe_sp,Anasterias_sp
Pagurus_comptus,Anasterias_sp
Pareuthria_atrata,Anasterias_sp
Pareuthria_fuscata,Anasterias_sp
Pareuthria_venustula,Anasterias_sp
Tonicia_lebruni,Anasterias_sp
Trophon_geversianus,Anasterias_sp
Turbonilla_strebeli,Anasterias_sp
Detritus,Anobothrus_sp
Azadinium_sp,Aplidium_falklandicum
Diatoms_centric,Aplidium_falklandicum
Bacteria,Aplidium_falklandicum
Detritus,Aplidium_falklandicum
Dinoflagellates_heterosol,Aplidium_falklandicum
Emiliania_huxleyi,Aplidium_falklandicum
Gymnodinium_sp,Aplidium_falklandicum
Phaeocystis_antarctica,Aplidium_falklandicum
Azadinium_sp,Aplidium_fuegiense
Diatoms_centric,Aplidium_fuegiense
Bacteria,Aplidium_fuegiense
Detritus,Aplidium_fuegiense
Dinoflagellates_heterosol,Aplidium_fuegiense
Emiliania_huxleyi,Aplidium_fuegiense
Gymnodinium_sp,Aplidium_fuegiense
Phaeocystis_antarctica,Aplidium_fuegiense
Azadinium_sp,Aplidium_globosum
Diatoms_centric,Aplidium_globosum
Bacteria,Aplidium_globosum
Detritus,Aplidium_globosum
Dinoflagellates_heterosol,Aplidium_globosum
Emiliania_huxleyi,Aplidium_globosum
Gymnodinium_sp,Aplidium_globosum
Phaeocystis_antarctica,Aplidium_globosum
Azadinium_sp,Aplidium_meridianum
Diatoms_centric,Aplidium_meridianum
Bacteria,Aplidium_meridianum
Detritus,Aplidium_meridianum
Dinoflagellates_heterosol,Aplidium_meridianum
Emiliania_huxleyi,Aplidium_meridianum
Gymnodinium_sp,Aplidium_meridianum
Phaeocystis_antarctica,Aplidium_meridianum
Azadinium_sp,Aplidium_polarsterni
Diatoms_centric,Aplidium_polarsterni
Bacteria,Aplidium_polarsterni
Detritus,Aplidium_polarsterni
Dinoflagellates_heterosol,Aplidium_polarsterni
Emiliania_huxleyi,Aplidium_polarsterni
Gymnodinium_sp,Aplidium_polarsterni
Phaeocystis_antarctica,Aplidium_polarsterni
Bacteria,Appendicularia_spp
Detritus,Appendicularia_spp
Emiliania_huxleyi,Appendicularia_spp
Gymnodinium_sp,Appendicularia_spp
Orbiniidae,Appendicularia_spp
Phaeocystis_antarctica,Appendicularia_spp
Dinoflagellates_heterosol,Appendicularia_spp
Synechococcus_sp,Appendicularia_spp
Coelorinchus_fasciatus,Arctocephalus_australis
Coelorinchus_kayomaru,Arctocephalus_australis
Coelorinchus_marinii,Arctocephalus_australis
Dissostichus_eleginoides,Arctocephalus_australis
Doryteuthis_gahi,Arctocephalus_australis
Enteroctopus_megalocyathus,Arctocephalus_australis
Genypterus_blacodes,Arctocephalus_australis
Guttigadus_kongi,Arctocephalus_australis
Macrourus_carinatus,Arctocephalus_australis
Macrourus_holotrachys,Arctocephalus_australis
Macrourus_whitsoni,Arctocephalus_australis
Macruronus_novaezelandiae,Arctocephalus_australis
Micromesistius_australis,Arctocephalus_australis
Munida_gregaria,Arctocephalus_australis
Muraenolepis_marmorata,Arctocephalus_australis
Muraenolepis_orangiensis,Arctocephalus_australis
Muraenolepis_sp,Arctocephalus_australis
Notophycis_marginata,Arctocephalus_australis
Patagonotothen_cornucola,Arctocephalus_australis
Patagonotothen_elegans,Arctocephalus_australis
Patagonotothen_guntheri,Arctocephalus_australis
Patagonotothen_kreffti,Arctocephalus_australis
Patagonotothen_ramsayi,Arctocephalus_australis
Salilota_australis,Arctocephalus_australis
Sprattus_fuegensis,Arctocephalus_australis
Dissostichus_eleginoides,Ardenna_gravis
Doryteuthis_gahi,Ardenna_gravis
Euphausia_spp,Ardenna_gravis
Necromass,Ardenna_gravis
Sprattus_fuegensis,Ardenna_gravis
Themisto_gaudichaudii,Ardenna_gravis
Dissostichus_eleginoides,Ardenna_grisea
Doryteuthis_gahi,Ardenna_grisea
Euphausia_spp,Ardenna_grisea
Necromass,Ardenna_grisea
Sprattus_fuegensis,Ardenna_grisea
Themisto_gaudichaudii,Ardenna_grisea
Oithona_spp,Asbestopluma_sp
Alcyonium_antarcticum,Astrotoma_agassizii
Diatoms_centric,Astrotoma_agassizii
Detritus,Astrotoma_agassizii
Dictyocha_speculum,Astrotoma_agassizii
Euphausia_spp,Astrotoma_agassizii
Foraminifera,Astrotoma_agassizii
Foraminifera,Austrocidaris_canaliculata
Puncturella_conica,Austrocidaris_canaliculata
Haliclona_sp,Austrodoris_sp
Detritus,Austrofilius_furcatus
Detritus,Austrofilius_sp
Detritus,Austronanus_dentatus
Calanus_spp,Balaenoptera_acutorostrata
Clausocalanus_spp,Balaenoptera_acutorostrata
Ctenocalanus_vanus,Balaenoptera_acutorostrata
Drepanopus_forcipatus,Balaenoptera_acutorostrata
Euphausia_spp,Balaenoptera_acutorostrata
Micromesistius_australis,Balaenoptera_acutorostrata
Munida_gregaria,Balaenoptera_acutorostrata
Munida_spinosa,Balaenoptera_acutorostrata
Neocalanus_tonsus,Balaenoptera_acutorostrata
Oithona_spp,Balaenoptera_acutorostrata
Rhincalanus_gigas,Balaenoptera_acutorostrata
Sprattus_fuegensis,Balaenoptera_acutorostrata
Themisto_gaudichaudii,Balaenoptera_acutorostrata
Calanus_spp,Balaenoptera_bonaerensis
Clausocalanus_spp,Balaenoptera_bonaerensis
Ctenocalanus_vanus,Balaenoptera_bonaerensis
Drepanopus_forcipatus,Balaenoptera_bonaerensis
Euphausia_spp,Balaenoptera_bonaerensis
Neocalanus_tonsus,Balaenoptera_bonaerensis
Oithona_spp,Balaenoptera_bonaerensis
Rhincalanus_gigas,Balaenoptera_bonaerensis
Sprattus_fuegensis,Balaenoptera_bonaerensis
Themisto_gaudichaudii,Balaenoptera_bonaerensis
Calanus_spp,Balaenoptera_borealis
Clausocalanus_spp,Balaenoptera_borealis
Ctenocalanus_vanus,Balaenoptera_borealis
Drepanopus_forcipatus,Balaenoptera_borealis
Euphausia_spp,Balaenoptera_borealis
Munida_gregaria,Balaenoptera_borealis
Munida_spinosa,Balaenoptera_borealis
Neocalanus_tonsus,Balaenoptera_borealis
Oithona_spp,Balaenoptera_borealis
Rhincalanus_gigas,Balaenoptera_borealis
Sprattus_fuegensis,Balaenoptera_borealis
Themisto_gaudichaudii,Balaenoptera_borealis
Calanus_spp,Balaenoptera_physalus
Clausocalanus_spp,Balaenoptera_physalus
Ctenocalanus_vanus,Balaenoptera_physalus
Drepanopus_forcipatus,Balaenoptera_physalus
Euphausia_spp,Balaenoptera_physalus
Munida_gregaria,Balaenoptera_physalus
Munida_spinosa,Balaenoptera_physalus
Neocalanus_tonsus,Balaenoptera_physalus
Oithona_spp,Balaenoptera_physalus
Rhincalanus_gigas,Balaenoptera_physalus
Sprattus_fuegensis,Balaenoptera_physalus
Themisto_gaudichaudii,Balaenoptera_physalus
Astrotoma_agassizii,Bathybiaster_loripes
Detritus,Bathybiaster_loripes
Harmothoe_sp,Bathybiaster_loripes
Polyeunoa_laevis,Bathybiaster_loripes
Dissostichus_eleginoides,Bathyraja_albomaculata
Munida_gregaria,Bathyraja_albomaculata
Munida_spinosa,Bathyraja_albomaculata
Myxine_australis,Bathyraja_albomaculata
Myxine_debueni,Bathyraja_albomaculata
Myxine_sp,Bathyraja_albomaculata
Patagonotothen_ramsayi,Bathyraja_albomaculata
Themisto_gaudichaudii,Bathyraja_albomaculata
Thymops_birsteini,Bathyraja_albomaculata
Tinerfe_cyanea,Bathyraja_albomaculata
Adelomelon_ancilla,Bathyraja_brachyurops
Aglaophamus_virginis,Bathyraja_brachyurops
Argeneuthria_varicosa,Bathyraja_brachyurops
Bathyraja_brachyurops,Bathyraja_brachyurops
Cottoperca_trigloides,Bathyraja_brachyurops
Dissostichus_eleginoides,Bathyraja_brachyurops
Doryteuthis_gahi,Bathyraja_brachyurops
Enteroctopus_megalocyathus,Bathyraja_brachyurops
Euphausia_spp,Bathyraja_brachyurops
Genypterus_blacodes,Bathyraja_brachyurops
Lithodes_confundens,Bathyraja_brachyurops
Lithodes_couesi,Bathyraja_brachyurops
Lithodes_turkayi,Bathyraja_brachyurops
Lumbrineriidae,Bathyraja_brachyurops
Macruronus_novaezelandiae,Bathyraja_brachyurops
Maldaniidae,Bathyraja_brachyurops
Micromesistius_australis,Bathyraja_brachyurops
Munida_gregaria,Bathyraja_brachyurops
Munida_spinosa,Bathyraja_brachyurops
Myxine_australis,Bathyraja_brachyurops
Myxine_debueni,Bathyraja_brachyurops
Myxine_sp,Bathyraja_brachyurops
Nephtys_sp,Bathyraja_brachyurops
Odontocymbiola_magellanica,Bathyraja_brachyurops
Patagonotothen_cornucola,Bathyraja_brachyurops
Patagonotothen_elegans,Bathyraja_brachyurops
Patagonotothen_guntheri,Bathyraja_brachyurops
Patagonotothen_kreffti,Bathyraja_brachyurops
Patagonotothen_ramsayi,Bathyraja_brachyurops
Sprattus_fuegensis,Bathyraja_brachyurops
Themisto_gaudichaudii,Bathyraja_brachyurops
Tinerfe_cyanea,Bathyraja_brachyurops
Bathyraja_griseocauda,Bathyraja_griseocauda
Bathyraja_multispinis,Bathyraja_griseocauda
Bathyraja_scaphiops,Bathyraja_griseocauda
Cottoperca_trigloides,Bathyraja_griseocauda
Dissostichus_eleginoides,Bathyraja_griseocauda
Doryteuthis_gahi,Bathyraja_griseocauda
Euphausia_spp,Bathyraja_griseocauda
Micromesistius_australis,Bathyraja_griseocauda
Munida_gregaria,Bathyraja_griseocauda
Munida_spinosa,Bathyraja_griseocauda
Myxine_australis,Bathyraja_griseocauda
Myxine_debueni,Bathyraja_griseocauda
Myxine_sp,Bathyraja_griseocauda
Patagonotothen_cornucola,Bathyraja_griseocauda
Patagonotothen_elegans,Bathyraja_griseocauda
Patagonotothen_guntheri,Bathyraja_griseocauda
Patagonotothen_ramsayi,Bathyraja_griseocauda
Psammobatis_rudis,Bathyraja_griseocauda
Sprattus_fuegensis,Bathyraja_griseocauda
Themisto_gaudichaudii,Bathyraja_griseocauda
Thymops_birsteini,Bathyraja_griseocauda
Tinerfe_cyanea,Bathyraja_griseocauda
Tinerfe_cyanea,Bathyraja_macloviana
Diatoms_centric,Boccardia_sp
Bacteria,Boccardia_sp
Detritus,Boccardia_sp
Foraminifera,Boccardia_sp
Orbiniidae,Boccardia_sp
Detritus,Caecianiropsis_ectiformis
Dictyocha_speculum,Calanus_spp
Emiliania_huxleyi,Calanus_spp
Diatoms_pennate,Calanus_spp
Diatoms_benthic,Calanus_spp
Phaeocystis_antarctica,Calanus_spp
Dinoflagellates_heterosol,Calanus_spp
Rhizosolenia_crassa,Calanus_spp
Azadinium_sp,Calanus_spp
Cyrtostrombidium_sp,Calanus_spp
Detritus,Calanus_spp
Gymnodinium_sp,Calanus_spp
Laboea_strobila,Calanus_spp
Lohmanniella_sp,Calanus_spp
Strobilidium_sp,Calanus_spp
Strombidinopsis_sp,Calanus_spp
Strombidium_conicum,Calanus_spp
Strombidium_sp,Calanus_spp
Aspidostoma_giganteum,Callochiton_puniceus
Detritus,Callochiton_puniceus
Diatoms_centric,Campylaspis_bacescui
Calanus_spp,Campylaspis_bacescui
Clausocalanus_spp,Campylaspis_bacescui
Ctenocalanus_vanus,Campylaspis_bacescui
Drepanopus_forcipatus,Campylaspis_bacescui
Necromass,Campylaspis_bacescui
Neocalanus_tonsus,Campylaspis_bacescui
Diatoms_centric,Campylaspis_frigida
Calanus_spp,Campylaspis_frigida
Clausocalanus_spp,Campylaspis_frigida
Ctenocalanus_vanus,Campylaspis_frigida
Drepanopus_forcipatus,Campylaspis_frigida
Necromass,Campylaspis_frigida
Neocalanus_tonsus,Campylaspis_frigida
Detritus,Campylonotus_vagans
Calanus_spp,Careproctus_sp
Careproctus_sp,Careproctus_sp
Detritus,Careproctus_sp
Lithodes_turkayi,Careproctus_sp
Munida_gregaria,Careproctus_sp
Pagurus_comptus,Careproctus_sp
Themisto_gaudichaudii,Careproctus_sp
Octocorals,Ceramaster_patagonicus
Detritus,Chaetopterus_antarcticus
Astrotoma_agassizii,Cheiraster_(Luidiaster)_gerlachei
Detritus,Cheiraster_(Luidiaster)_gerlachei
Ophiacantha_sp,Cheiraster_(Luidiaster)_gerlachei
Ophiacantha_vivipara,Cheiraster_(Luidiaster)_gerlachei
Detritus,Cirratulidae
Foraminifera,Cirratulidae
Diatoms_centric,Cladodactyla_crocea
Azadinium_sp,Clausocalanus_spp
Cyrtostrombidium_sp,Clausocalanus_spp
Dictyocha_speculum,Clausocalanus_spp
Dinoflagellates_heterosol,Clausocalanus_spp
Diatoms_pennate,Clausocalanus_spp
Gymnodinium_sp,Clausocalanus_spp
Laboea_strobila,Clausocalanus_spp
Lohmanniella_sp,Clausocalanus_spp
Rhizosolenia_crassa,Clausocalanus_spp
Strobilidium_sp,Clausocalanus_spp
Strombidinopsis_sp,Clausocalanus_spp
Strombidium_conicum,Clausocalanus_spp
Strombidium_sp,Clausocalanus_spp
Diatoms_benthic,Clausocalanus_spp
Diatoms_centric,Clavularia_sp
Foraminifera,Clavularia_sp
Azadinium_sp,Cnemidocarpa_verrucosa
Diatoms_centric,Cnemidocarpa_verrucosa
Bacteria,Cnemidocarpa_verrucosa
Detritus,Cnemidocarpa_verrucosa
Dinoflagellates_heterosol,Cnemidocarpa_verrucosa
Emiliania_huxleyi,Cnemidocarpa_verrucosa
Gymnodinium_sp,Cnemidocarpa_verrucosa
Phaeocystis_antarctica,Cnemidocarpa_verrucosa
Doryteuthis_gahi,Coelorinchus_fasciatus
Eggs_Fish,Coelorinchus_fasciatus
Euphausia_spp,Coelorinchus_fasciatus
Harmothoe_sp,Coelorinchus_fasciatus
Munida_gregaria,Coelorinchus_fasciatus
Pagurus_comptus,Coelorinchus_fasciatus
Pagurus_forceps,Coelorinchus_fasciatus
Themisto_gaudichaudii,Coelorinchus_fasciatus
Doryteuthis_gahi,Coelorinchus_marinii
Foraminifera,Coelorinchus_marinii
Harmothoe_sp,Coelorinchus_marinii
Munida_gregaria,Coelorinchus_marinii
Munida_spinosa,Coelorinchus_marinii
Glycera_capitata,Colossendeis_megalonyx
Sabellidae,Colossendeis_megalonyx
Detritus,Coperonus_comptus
Foraminifera,Coperonus_comptus
Austrocidaris_canaliculata,Cosmasterias_lurida
Austrocidaris_spinulosida,Cosmasterias_lurida
Callochiton_puniceus,Cosmasterias_lurida
Leptochiton_kerguelensis,Cosmasterias_lurida
Leptochiton_medinae,Cosmasterias_lurida
Necromass,Cosmasterias_lurida
Nuttallochiton_hyadesi,Cosmasterias_lurida
Nuttallochiton_martiali,Cosmasterias_lurida
Pseudechinus_magellanicus,Cosmasterias_lurida
Schizasteridae,Cosmasterias_lurida
Sterechinus_agassizii,Cosmasterias_lurida
Tonicia_lebruni,Cosmasterias_lurida
Agonopsis_chiloensis,Cottoperca_trigloides
Bathyraja_albomaculata,Cottoperca_trigloides
Bathyraja_brachyurops,Cottoperca_trigloides
Cottoperca_trigloides,Cottoperca_trigloides
Dissostichus_eleginoides,Cottoperca_trigloides
Euphausia_spp,Cottoperca_trigloides
Iluocoetes_fimbriatus,Cottoperca_trigloides
Macruronus_novaezelandiae,Cottoperca_trigloides
Micromesistius_australis,Cottoperca_trigloides
Munida_gregaria,Cottoperca_trigloides
Necromass,Cottoperca_trigloides
Patagonotothen_ramsayi,Cottoperca_trigloides
Salilota_australis,Cottoperca_trigloides
Sprattus_fuegensis,Cottoperca_trigloides
Thymops_birsteini,Cottoperca_trigloides
Tinerfe_cyanea,Cottoperca_trigloides
Acanthoserolis_schythei,Cottunculus_granulosus
Coelorinchus_fasciatus,Cottunculus_granulosus
Colossendeis_megalonyx,Cottunculus_granulosus
Eggs_Fish,Cottunculus_granulosus
Enteroctopus_megalocyathus,Cottunculus_granulosus
Euphausia_spp,Cottunculus_granulosus
Munida_gregaria,Cottunculus_granulosus
Neoserolis_exigua,Cottunculus_granulosus
Patagonotothen_ramsayi,Cottunculus_granulosus
Thymops_birsteini,Cottunculus_granulosus
Detritus,Cryosignum_sp
Azadinium_sp,Ctenocalanus_vanus
Diatoms_centric,Ctenocalanus_vanus
Cyrtostrombidium_sp,Ctenocalanus_vanus
Dictyocha_speculum,Ctenocalanus_vanus
Dinoflagellates_heterosol,Ctenocalanus_vanus
Diatoms_pennate,Ctenocalanus_vanus
Gymnodinium_sp,Ctenocalanus_vanus
Laboea_strobila,Ctenocalanus_vanus
Lohmanniella_sp,Ctenocalanus_vanus
Pelagobia_longicirrata,Ctenocalanus_vanus
Pseudosagitta_gazellae,Ctenocalanus_vanus
Rhizosolenia_crassa,Ctenocalanus_vanus
Strobilidium_sp,Ctenocalanus_vanus
Strombidinopsis_sp,Ctenocalanus_vanus
Strombidium_conicum,Ctenocalanus_vanus
Strombidium_sp,Ctenocalanus_vanus
Diatoms_benthic,Ctenocalanus_vanus
Detritus,Ctenodiscus_australis
Zygochlamys_patagonica,Ctenodiscus_australis
Bacteria,Cumella_argentinae
Azadinium_sp,Cystodytes_antarcticus
Diatoms_centric,Cystodytes_antarcticus
Bacteria,Cystodytes_antarcticus
Coccolithophorids,Cystodytes_antarcticus
Detritus,Cystodytes_antarcticus
Dinoflagellates_heterosol,Cystodytes_antarcticus
Gymnodinium_sp,Cystodytes_antarcticus
Convexella_magelhaenica,Dactylanthus_antarcticus
Primnoella_scotiae,Dactylanthus_antarcticus
Thouarella_antarctica,Dactylanthus_antarcticus
Thouarella_chilensis,Dactylanthus_antarcticus
Thouarella_sp1,Dactylanthus_antarcticus
Thouarella_variabilis,Dactylanthus_antarcticus
Thouarella_viridis,Dactylanthus_antarcticus
Austrodoris_sp,Daption_capense
Campanularia_sp,Daption_capense
Doryteuthis_gahi,Daption_capense
Euphausia_spp,Daption_capense
Necromass,Daption_capense
Obelia_longissima,Daption_capense
Obelia_sp,Daption_capense
Pseudosagitta_gazellae,Daption_capense
Rhincalanus_gigas,Daption_capense
Sprattus_fuegensis,Daption_capense
Themisto_gaudichaudii,Daption_capense
Tulpa_tulipifera,Daption_capense
Detritus,Desmosoma_sp
Diatoms_centric,Diastylis_granulata
Detritus,Diastylis_granulata
Diatoms_centric,Diastylis_hammoniae
Detritus,Diastylis_hammoniae
Diatoms_centric,Diastylis_planifrons
Detritus,Diastylis_planifrons
Dissostichus_eleginoides,Diomedea_sp
Doryteuthis_gahi,Diomedea_sp
Euphausia_spp,Diomedea_sp
Macrourus_holotrachys,Diomedea_sp
Necromass,Diomedea_sp
Themisto_gaudichaudii,Diomedea_sp
Necromass,Diplodontias_singularis
Adelomelon_ancilla,Diplopteraster_clarki
Ctenodiscus_australis,Diplopteraster_clarki
Fusitriton_magellanicus,Diplopteraster_clarki
Odontocymbiola_magellanica,Diplopteraster_clarki
Agonopsis_chiloensis,Dissostichus_eleginoides
Coelorinchus_fasciatus,Dissostichus_eleginoides
Dissostichus_eleginoides,Dissostichus_eleginoides
Doryteuthis_gahi,Dissostichus_eleginoides
Enteroctopus_megalocyathus,Dissostichus_eleginoides
Euphausia_spp,Dissostichus_eleginoides
Genypterus_blacodes,Dissostichus_eleginoides
Idanthyrsus_macropaleus,Dissostichus_eleginoides
Iluocoetes_fimbriatus,Dissostichus_eleginoides
Lepidonotothen_squamifrons,Dissostichus_eleginoides
Lithodes_confundens,Dissostichus_eleginoides
Lithodes_couesi,Dissostichus_eleginoides
Lithodes_turkayi,Dissostichus_eleginoides
Macrourus_holotrachys,Dissostichus_eleginoides
Macruronus_novaezelandiae,Dissostichus_eleginoides
Melanostigma_gelatinosum,Dissostichus_eleginoides
Micromesistius_australis,Dissostichus_eleginoides
Munida_gregaria,Dissostichus_eleginoides
Muraenolepis_sp,Dissostichus_eleginoides
Natatolana_pastorei,Dissostichus_eleginoides
Notophycis_marginata,Dissostichus_eleginoides
Pagurus_comptus,Dissostichus_eleginoides
Patagonotothen_guntheri,Dissostichus_eleginoides
Patagonotothen_ramsayi,Dissostichus_eleginoides
Pogonolycus_elegans,Dissostichus_eleginoides
Salilota_australis,Dissostichus_eleginoides
Sprattus_fuegensis,Dissostichus_eleginoides
Themisto_gaudichaudii,Dissostichus_eleginoides
Thymops_birsteini,Dissostichus_eleginoides
Tinerfe_cyanea,Dissostichus_eleginoides
Doryteuthis_gahi,Doryteuthis_gahi
Euphausia_spp,Doryteuthis_gahi
Munida_gregaria,Doryteuthis_gahi
Salilota_australis,Doryteuthis_gahi
Themisto_gaudichaudii,Doryteuthis_gahi
Dictyocha_speculum,Drepanopus_forcipatus
Emiliania_huxleyi,Drepanopus_forcipatus
Diatoms_pennate,Drepanopus_forcipatus
Diatoms_benthic,Drepanopus_forcipatus
Phaeocystis_antarctica,Drepanopus_forcipatus
Dinoflagellates_heterosol,Drepanopus_forcipatus
Rhizosolenia_crassa,Drepanopus_forcipatus
Detritus,Eatoniella_denticula
Detritus,Eatoniella_occulta
Detritus,Eatoniella_strebeli
Detritus,Echinozone_sp
Foraminifera,Echinozone_sp
Detritus,Ekleptostylis_heardi
Detritus,Ekleptostylis_vemae
Enteroctopus_megalocyathus,Enteroctopus_megalocyathus
Eurypodius_latreillii,Enteroctopus_megalocyathus
Eurypodius_longirostris,Enteroctopus_megalocyathus
Halicarcinus_planatus,Enteroctopus_megalocyathus
Liothyrella_uva,Enteroctopus_megalocyathus
Lithodes_confundens,Enteroctopus_megalocyathus
Lithodes_couesi,Enteroctopus_megalocyathus
Lithodes_turkayi,Enteroctopus_megalocyathus
Magellania_venosa,Enteroctopus_megalocyathus
Munida_gregaria,Enteroctopus_megalocyathus
Pagurus_comptus,Enteroctopus_megalocyathus
Pagurus_forceps,Enteroctopus_megalocyathus
Paralomis_granulosa,Enteroctopus_megalocyathus
Paralomis_spinosissima,Enteroctopus_megalocyathus
Sympagurus_dimorphus,Enteroctopus_megalocyathus
Terebratella_dorsata,Enteroctopus_megalocyathus
Boccardia_sp,Eteone_aurantiaca
Diatoms_centric,Eteone_aurantiaca
Detritus,Eteone_aurantiaca
Eunereis_patagonica,Eteone_aurantiaca
Necromass,Eteone_aurantiaca
Nicon_maculata,Eteone_aurantiaca
Polydora_sp,Eteone_aurantiaca
Dinoflagellates_heterosol,Eteone_aurantiaca
Spiophanes_sp,Eteone_aurantiaca
Boccardia_sp,Eteone_sp
Diatoms_centric,Eteone_sp
Detritus,Eteone_sp
Eunereis_patagonica,Eteone_sp
Glycera_capitata,Eteone_sp
Glycera_papillosa,Eteone_sp
Necromass,Eteone_sp
Nephtys_sp,Eteone_sp
Nicon_maculata,Eteone_sp
Polydora_sp,Eteone_sp
Dinoflagellates_heterosol,Eteone_sp
Spiophanes_sp,Eteone_sp
Calanus_spp,Eubalaena_australis
Clausocalanus_spp,Eubalaena_australis
Ctenocalanus_vanus,Eubalaena_australis
Drepanopus_forcipatus,Eubalaena_australis
Euphausia_spp,Eubalaena_australis
Neocalanus_tonsus,Eubalaena_australis
Oithona_spp,Eubalaena_australis
Rhincalanus_gigas,Eubalaena_australis
Diatoms_centric,Eudorella_sp
Detritus,Eudorella_sp
Doryteuthis_gahi,Eudyptes_chrysocome
Enteroctopus_megalocyathus,Eudyptes_chrysocome
Euphausia_spp,Eudyptes_chrysocome
Larvae_Fish,Eudyptes_chrysocome
Micromesistius_australis,Eudyptes_chrysocome
Themisto_gaudichaudii,Eudyptes_chrysocome
Larvae_Fish,Eukrohnia_hamata
Boccardia_sp,Eunereis_patagonica
Detritus,Eunereis_patagonica
Foraminifera,Eunereis_patagonica
Diatoms_pennate,Eunereis_patagonica
Nephtys_sp,Eunereis_patagonica
Polydora_sp,Eunereis_patagonica
Spiophanes_sp,Eunereis_patagonica
Detritus,Eunice_pennata
Foraminifera,Eunice_pennata
Azadinium_sp,Euphausia_spp
Diatoms_centric,Euphausia_spp
Dinoflagellates_heterosol,Euphausia_spp
Eggs_Fish,Euphausia_spp
Foraminifera,Euphausia_spp
Gymnodinium_sp,Euphausia_spp
Larvae_Nauplii,Euphausia_spp
Oithona_spp,Euphausia_spp
Diatoms_pennate,Euphausia_spp
Diatoms_benthic,Euphausia_spp
Liothyrella_uva,Eurypodius_latreillii
Magellania_venosa,Eurypodius_latreillii
Munida_gregaria,Eurypodius_latreillii
Terebratella_dorsata,Eurypodius_latreillii
Liothyrella_uva,Eurypodius_longirostris
Magellania_venosa,Eurypodius_longirostris
Terebratella_dorsata,Eurypodius_longirostris
Liothyrella_uva,Eurypodius_sp
Magellania_venosa,Eurypodius_sp
Terebratella_dorsata,Eurypodius_sp
Astarte_sp,Falsilunatia_carcellesi
Liothyrella_uva,Falsilunatia_carcellesi
Magellania_venosa,Falsilunatia_carcellesi
Terebratella_dorsata,Falsilunatia_carcellesi
Detritus,Foraminifera
Astarte_sp,Fuegotrophon_pallidus
Calliostoma_modestulum,Fuegotrophon_pallidus
Calliostoma_moebiusi,Fuegotrophon_pallidus
Colpospirella_algida,Fuegotrophon_pallidus
Cyclochlamys_argentina,Fuegotrophon_pallidus
Epitonium_sp,Fuegotrophon_pallidus
Eurhomalea_sp,Fuegotrophon_pallidus
Hiatella_sp,Fuegotrophon_pallidus
Liothyrella_uva,Fuegotrophon_pallidus
Magellania_venosa,Fuegotrophon_pallidus
Odostomia_sp,Fuegotrophon_pallidus
Pellilitorina_pellita,Fuegotrophon_pallidus
Terebratella_dorsata,Fuegotrophon_pallidus
Zygochlamys_patagonica,Fuegotrophon_pallidus
Dissostichus_eleginoides,Fulmarus_glacialoides
Doryteuthis_gahi,Fulmarus_glacialoides
Euphausia_spp,Fulmarus_glacialoides
Necromass,Fulmarus_glacialoides
Sprattus_fuegensis,Fulmarus_glacialoides
Themisto_gaudichaudii,Fulmarus_glacialoides
Psolus_antarcticus,Fusitriton_magellanicus
Psolus_patagonicus,Fusitriton_magellanicus
Psolus_segregatus,Fusitriton_magellanicus
Sabellidae,Fusitriton_magellanicus
Zygochlamys_patagonica,Fusitriton_magellanicus
Coelorinchus_fasciatus,Genypterus_blacodes
Doryteuthis_gahi,Genypterus_blacodes
Enteroctopus_megalocyathus,Genypterus_blacodes
Euphausia_spp,Genypterus_blacodes
Mancopsetta_maculata,Genypterus_blacodes
Micromesistius_australis,Genypterus_blacodes
Munida_gregaria,Genypterus_blacodes
Notophycis_marginata,Genypterus_blacodes
Diatoms_centric,Glabraster_antarctica
Detritus,Glabraster_antarctica
Dissostichus_eleginoides,Globicephala_melas
Doryteuthis_gahi,Globicephala_melas
Enteroctopus_megalocyathus,Globicephala_melas
Lepidonotothen_squamifrons,Globicephala_melas
Macruronus_novaezelandiae,Globicephala_melas
Patagonotothen_cornucola,Globicephala_melas
Patagonotothen_guntheri,Globicephala_melas
Patagonotothen_kreffti,Globicephala_melas
Patagonotothen_ramsayi,Globicephala_melas
Detritus,Glycera_capitata
Eunereis_patagonica,Glycera_capitata
Nicon_maculata,Glycera_capitata
Syllidae,Glycera_capitata
Detritus,Glycera_papillosa
Eunereis_patagonica,Glycera_papillosa
Nicon_maculata,Glycera_papillosa
Syllidae,Glycera_papillosa
Diatoms_centric,Gymnodinium_sp
Emiliania_huxleyi,Gymnodinium_sp
Phaeocystis_antarctica,Gymnodinium_sp
Synechococcus_sp,Gymnodinium_sp
Diatoms_benthic,Gymnodinium_sp
Diatoms_centric,Gyrodinium_sp
Aglaophamus_virginis,Halicarcinus_planatus
Detritus,Halicarcinus_planatus
Diatoms_centric,Haliclona_sp
Detritus,Haliclona_sp
Aspidostoma_giganteum,Harmothoe_sp
Diatoms_centric,Harmothoe_sp
Burdwoodipora_paguricola,Harmothoe_sp
Colossendeis_megalonyx,Harmothoe_sp
Detritus,Harmothoe_sp
Foraminifera,Harmothoe_sp
Detritus,Hemilamprops_chilensis
Octocorals,Hippasteria_falklandica
Detritus,Holostylis_uniramosa
Anthoptilum_grandiflorum,Hormathia_pectinata
Halipteris_africana,Hormathia_pectinata
Foraminifera,Hyalinoecia_artifex
Dissostichus_eleginoides,Hyperoodon_planifrons
Doryteuthis_gahi,Hyperoodon_planifrons
Macruronus_novaezelandiae,Hyperoodon_planifrons
Micromesistius_australis,Hyperoodon_planifrons
Detritus,Ianiropsis_sp
Detritus,Ianthopsis_laevis
Detritus,Iathrippa_menziesi
Detritus,Iathrippa_multidens
Detritus,Iathrippa_sp
Tinerfe_cyanea,Iluocoetes_fimbriatus
Bacteria,Isodictya_sp
Detritus,Joeropsis_curvicornis
Detritus,Joeropsis_intermedius
Detritus,Joeropsis_sp
Diatoms_centric,Laetmonice_producta
Colossendeis_megalonyx,Laetmonice_producta
Detritus,Laetmonice_producta
Ophiacantha_sp,Laetmonice_producta
Doryteuthis_gahi,Lagenorhynchus_australis
Enteroctopus_megalocyathus,Lagenorhynchus_australis
Iluocoetes_fimbriatus,Lagenorhynchus_australis
Melanostigma_gelatinosum,Lagenorhynchus_australis
Munida_gregaria,Lagenorhynchus_australis
Patagonotothen_cornucola,Lagenorhynchus_australis
Patagonotothen_elegans,Lagenorhynchus_australis
Patagonotothen_guntheri,Lagenorhynchus_australis
Patagonotothen_kreffti,Lagenorhynchus_australis
Patagonotothen_ramsayi,Lagenorhynchus_australis
Pogonolycus_elegans,Lagenorhynchus_australis
Sprattus_fuegensis,Lagenorhynchus_australis
Doryteuthis_gahi,Lagenorhynchus_cruciger
Sprattus_fuegensis,Lagenorhynchus_cruciger
Detritus,Lanice_sp
Appendicularia_spp,Larvae_Fish
Calanus_spp,Larvae_Fish
Copepodite,Larvae_Fish
Eggs_Fish,Larvae_Fish
Larvae_Fish,Larvae_Fish
Larvae_Nauplii,Larvae_Fish
Oithona_spp,Larvae_Fish
Diatoms_centric,Larvae_Nauplii
Emiliania_huxleyi,Larvae_Nauplii
Gymnodinium_sp,Larvae_Nauplii
Phaeocystis_antarctica,Larvae_Nauplii
Strombidium_sp,Larvae_Nauplii
Aega_semicarinata,Lepidonotothen_squamifrons
Austrodoris_sp,Lepidonotothen_squamifrons
Eggs_Fish,Lepidonotothen_squamifrons
Euphausia_spp,Lepidonotothen_squamifrons
Laetmonice_producta,Lepidonotothen_squamifrons
Lepidonotothen_squamifrons,Lepidonotothen_squamifrons
Pseudosagitta_gazellae,Lepidonotothen_squamifrons
Themisto_gaudichaudii,Lepidonotothen_squamifrons
Tinerfe_cyanea,Lepidonotothen_squamifrons
Aspidostoma_giganteum,Leptochiton_kerguelensis
Detritus,Leptochiton_kerguelensis
Aspidostoma_giganteum,Leptochiton_medinae
Detritus,Leptochiton_medinae
Detritus,Leptychaster_sp
Detritus,Leucon_septemdentatus
Diatoms_centric,Limopsis_sp
Dinoflagellates_heterosol,Limopsis_sp
Diatoms_pennate,Limopsis_sp
Detritus,Limopsis_sp
Detritus,Liotella_crassicostata
Austrocidaris_canaliculata,Lithodes_confundens
Austrocidaris_spinulosida,Lithodes_confundens
Liothyrella_uva,Lithodes_confundens
Magellania_venosa,Lithodes_confundens
Necromass,Lithodes_confundens
Pseudechinus_magellanicus,Lithodes_confundens
Schizasteridae,Lithodes_confundens
Sterechinus_agassizii,Lithodes_confundens
Terebratella_dorsata,Lithodes_confundens
Thouarella_antarctica,Lithodes_confundens
Thouarella_chilensis,Lithodes_confundens
Thouarella_sp,Lithodes_confundens
Thouarella_variabilis,Lithodes_confundens
Thouarella_viridis,Lithodes_confundens
Austrocidaris_canaliculata,Lithodes_couesi
Austrocidaris_spinulosida,Lithodes_couesi
Liothyrella_uva,Lithodes_couesi
Magellania_venosa,Lithodes_couesi
Necromass,Lithodes_couesi
Pseudechinus_magellanicus,Lithodes_couesi
Schizasteridae,Lithodes_couesi
Sterechinus_agassizii,Lithodes_couesi
Terebratella_dorsata,Lithodes_couesi
Thouarella_antarctica,Lithodes_couesi
Thouarella_chilensis,Lithodes_couesi
Thouarella_sp,Lithodes_couesi
Thouarella_variabilis,Lithodes_couesi
Thouarella_viridis,Lithodes_couesi
Austrocidaris_canaliculata,Lithodes_turkayi
Austrocidaris_spinulosida,Lithodes_turkayi
Necromass,Lithodes_turkayi
Pseudechinus_magellanicus,Lithodes_turkayi
Schizasteridae,Lithodes_turkayi
Sterechinus_agassizii,Lithodes_turkayi
Thouarella_antarctica,Lithodes_turkayi
Thouarella_chilensis,Lithodes_turkayi
Thouarella_sp,Lithodes_turkayi
Thouarella_variabilis,Lithodes_turkayi
Thouarella_viridis,Lithodes_turkayi
Cirratulidae,Lumbrineriidae
Munida_gregaria,Macronectes_giganteus
Dissostichus_eleginoides,Macronectes_giganteus
Doryteuthis_gahi,Macronectes_giganteus
Euphausia_spp,Macronectes_giganteus
Micromesistius_australis,Macronectes_giganteus
Necromass,Macronectes_giganteus
Sprattus_fuegensis,Macronectes_giganteus
Dissostichus_eleginoides,Macronectes_halli
Doryteuthis_gahi,Macronectes_halli
Euphausia_spp,Macronectes_halli
Micromesistius_australis,Macronectes_halli
Necromass,Macronectes_halli
Sprattus_fuegensis,Macronectes_halli
Campylonotus_vagans,Macrourus_carinatus
Coelorinchus_fasciatus,Macrourus_carinatus
Eukrohnia_hamata,Macrourus_carinatus
Euphausia_spp,Macrourus_carinatus
Iluocoetes_fimbriatus,Macrourus_carinatus
Pagurus_comptus,Macrourus_carinatus
Pagurus_forceps,Macrourus_carinatus
Patagonotothen_ramsayi,Macrourus_carinatus
Pseudosagitta_gazellae,Macrourus_carinatus
Serratosagitta_tasmanica,Macrourus_carinatus
Sprattus_fuegensis,Macrourus_carinatus
Thymops_birsteini,Macrourus_carinatus
Tinerfe_cyanea,Macrourus_carinatus
Campylonotus_vagans,Macrourus_holotrachys
Doryteuthis_gahi,Macrourus_holotrachys
Eteone_aurantiaca,Macrourus_holotrachys
Eteone_sp,Macrourus_holotrachys
Euphausia_spp,Macrourus_holotrachys
Lithodes_confundens,Macrourus_holotrachys
Lithodes_couesi,Macrourus_holotrachys
Lithodes_turkayi,Macrourus_holotrachys
Necromass,Macrourus_holotrachys
Thymops_birsteini,Macrourus_holotrachys
Tinerfe_cyanea,Macrourus_holotrachys
Doryteuthis_gahi,Macrourus_whitsoni
Euphausia_spp,Macrourus_whitsoni
Diatoms_centric,Magelona_alleni
Detritus,Magelona_alleni
Boccardia_sp,Mancopsetta_maculata
Euphausia_spp,Mancopsetta_maculata
Notophycis_marginata,Mancopsetta_maculata
Doryteuthis_gahi,Melanostigma_gelatinosum
Euphausia_spp,Melanostigma_gelatinosum
Pseudosagitta_gazellae,Melanostigma_gelatinosum
Detritus,Meridiosignum_menziesi
Detritus,Meridiosignum_undulatum
Dissostichus_eleginoides,Mesoplodon_bowdoini
Micromesistius_australis,Mesoplodon_bowdoini
Dissostichus_eleginoides,Mesoplodon_grayi
Doryteuthis_gahi,Mesoplodon_grayi
Micromesistius_australis,Mesoplodon_grayi
Dissostichus_eleginoides,Mesoplodon_layardii
Doryteuthis_gahi,Mesoplodon_layardii
Macruronus_novaezelandiae,Mesoplodon_layardii
Micromesistius_australis,Mesoplodon_layardii
Clavularia_sp,Metepimeria_acanthurus
Doryteuthis_gahi,Micromesistius_australis
Euphausia_spp,Micromesistius_australis
Notophycis_marginata,Micromesistius_australis
Pseudosagitta_gazellae,Micromesistius_australis
Themisto_gaudichaudii,Micromesistius_australis
Detritus,Moruloidea_darwinii
Diatoms_centric,Munida_gregaria
Foraminifera,Munida_gregaria
Detritus,Munna_gallardoi
Detritus,Munna_longipoda
Detritus,Munna_pallida
Detritus,Munnogonium_diplonychia
Detritus,Munnogonium_falklandicum
Pelagobia_longicirrata,Muraenolepis_marmorata
Colossendeis_megalonyx,Muraenolepis_sp
Euphausia_spp,Muraenolepis_sp
Pelagobia_longicirrata,Muraenolepis_sp
Diatoms_centric,Mycale_sp
Detritus,Mycale_sp
Detritus,Myxine_australis
Myxine_sp,Myxine_australis
Pagurus_comptus,Myxine_australis
Pagurus_forceps,Myxine_australis
Detritus,Myxine_debueni
Myxine_sp,Myxine_debueni
Pagurus_comptus,Myxine_debueni
Pagurus_forceps,Myxine_debueni
Necromass,Natatolana_pastorei
Detritus,Neasellus_argentinensis
Detritus,Neasellus_bicarinatus
Azadinium_sp,Neocalanus_tonsus
Diatoms_centric,Neocalanus_tonsus
Dinoflagellates_heterosol,Neocalanus_tonsus
Gymnodinium_sp,Neocalanus_tonsus
Larvae_Nauplii,Neocalanus_tonsus
Detritus,Neojaera_antarctica
Detritus,Neoserolis_exigua
Diatoms_centric,Nephtys_sp
Detritus,Nephtys_sp
Eteone_aurantiaca,Nephtys_sp
Eteone_sp,Nephtys_sp
Foraminifera,Nephtys_sp
Orbiniidae,Nephtys_sp
Detritus,Nicolea_chilensis
Boccardia_sp,Nicon_maculata
Detritus,Nicon_maculata
Foraminifera,Nicon_maculata
Diatoms_pennate,Nicon_maculata
Nephtys_sp,Nicon_maculata
Polydora_sp,Nicon_maculata
Spiophanes_sp,Nicon_maculata
Detritus,Nothria_anoculata
Foraminifera,Nothria_anoculata
Detritus,Notioceramus_anomalus
Octocorals,Notioceramus_anomalus
Aspidostoma_giganteum,Nuttallochiton_hyadesi
Detritus,Nuttallochiton_hyadesi
Aspidostoma_giganteum,Nuttallochiton_martiali
Detritus,Nuttallochiton_martiali
Detritus,Obelia_longissima
Calanus_spp,Oceanites_sp
Clausocalanus_spp,Oceanites_sp
Ctenocalanus_vanus,Oceanites_sp
Doryteuthis_gahi,Oceanites_sp
Drepanopus_forcipatus,Oceanites_sp
Euphausia_spp,Oceanites_sp
Neocalanus_tonsus,Oceanites_sp
Obelia_longissima,Oceanites_sp
Obelia_sp,Oceanites_sp
Oithona_spp,Oceanites_sp
Pseudosagitta_gazellae,Oceanites_sp
Rhincalanus_gigas,Oceanites_sp
Themisto_gaudichaudii,Oceanites_sp
Tulpa_tulipifera,Oceanites_sp
Aplidium_falklandicum,Odontaster_penicillatus
Aplidium_fuegiense,Odontaster_penicillatus
Aplidium_globosum,Odontaster_penicillatus
Aplidium_meridianum,Odontaster_penicillatus
Aplidium_polarsterni,Odontaster_penicillatus
Ascidia_meridionalis,Odontaster_penicillatus
Cnemidocarpa_drygalskii,Odontaster_penicillatus
Cnemidocarpa_nordenskjöldi,Odontaster_penicillatus
Cnemidocarpa_verrucosa,Odontaster_penicillatus
Didemnum_studeri,Odontaster_penicillatus
Necromass,Odontaster_penicillatus
Pyura_paessleri,Odontaster_penicillatus
Pyura_pilosa,Odontaster_penicillatus
Sycozoa_sigillinoides,Odontaster_penicillatus
Aplidium_falklandicum,Odontaster_sp
Aplidium_fuegiense,Odontaster_sp
Aplidium_globosum,Odontaster_sp
Aplidium_meridianum,Odontaster_sp
Aplidium_polarsterni,Odontaster_sp
Ascidia_meridionalis,Odontaster_sp
Cnemidocarpa_drygalskii,Odontaster_sp
Cnemidocarpa_nordenskjöldi,Odontaster_sp
Cnemidocarpa_verrucosa,Odontaster_sp
Detritus,Odontaster_sp
Didemnum_studeri,Odontaster_sp
Haliclona_sp,Odontaster_sp
Mycale_sp,Odontaster_sp
Necromass,Odontaster_sp
Pyura_paessleri,Odontaster_sp
Pyura_pilosa,Odontaster_sp
Sycozoa_sigillinoides,Odontaster_sp
Necromass,Odontasteridae
Fusitriton_magellanicus,Odontocymbiola_magellanica
Zygochlamys_patagonica,Odontocymbiola_magellanica
Oithona_spp,Oenonidae
Diatoms_centric,Oithona_spp
Dinoflagellates_heterosol,Oithona_spp
Emiliania_huxleyi,Oithona_spp
Gymnodinium_sp,Oithona_spp
Larvae_Nauplii,Oithona_spp
Phaeocystis_antarctica,Oithona_spp
Strombidium_sp,Oithona_spp
Dictyocha_speculum,Oithona_spp
Foraminifera,Oithona_spp
Pseudosagitta_gazellae,Oithona_spp
Detritus,Onoba_algida
Detritus,Onoba_antleri
Detritus,Onoba_fuegoensis
Detritus,Onuphis_pseudoiridescens
Foraminifera,Ophiacantha_sp
Detritus,Ophiactis_sp
Ophiactis_sp,Ophiactis_sp
Diatoms_centric,Ophiocten_amitinum
Diatoms_centric,Ophiolimna_antarctica
Foraminifera,Ophiolimna_antarctica
Dictyocha_speculum,Ophioplinthus_confragosa
Dictyocha_speculum,Ophioplinthus_inornata
Diatoms_centric,Orbiniidae
Bacteria,Orbiniidae
Foraminifera,Orbiniidae
Diatoms_centric,Ornatoscalpellum_gibberum
Amblyraja_doellojuradoi,Otaria_flavescens
Coelorinchus_fasciatus,Otaria_flavescens
Coelorinchus_kayomaru,Otaria_flavescens
Coelorinchus_marinii,Otaria_flavescens
Dissostichus_eleginoides,Otaria_flavescens
Doryteuthis_gahi,Otaria_flavescens
Enteroctopus_megalocyathus,Otaria_flavescens
Genypterus_blacodes,Otaria_flavescens
Guttigadus_kongi,Otaria_flavescens
Macrourus_carinatus,Otaria_flavescens
Macrourus_holotrachys,Otaria_flavescens
Macrourus_whitsoni,Otaria_flavescens
Macruronus_novaezelandiae,Otaria_flavescens
Micromesistius_australis,Otaria_flavescens
Munida_gregaria,Otaria_flavescens
Muraenolepis_marmorata,Otaria_flavescens
Muraenolepis_orangiensis,Otaria_flavescens
Muraenolepis_sp,Otaria_flavescens
Notophycis_marginata,Otaria_flavescens
Patagonotothen_cornucola,Otaria_flavescens
Patagonotothen_elegans,Otaria_flavescens
Patagonotothen_guntheri,Otaria_flavescens
Patagonotothen_kreffti,Otaria_flavescens
Patagonotothen_ramsayi,Otaria_flavescens
Salilota_australis,Otaria_flavescens
Sprattus_fuegensis,Otaria_flavescens
Calanus_spp,Pachyptila_sp
Clausocalanus_spp,Pachyptila_sp
Ctenocalanus_vanus,Pachyptila_sp
Doryteuthis_gahi,Pachyptila_sp
Drepanopus_forcipatus,Pachyptila_sp
Euphausia_spp,Pachyptila_sp
Halicarcinus_planatus,Pachyptila_sp
Jassa_alonsoae,Pachyptila_sp
Munida_gregaria,Pachyptila_sp
Neocalanus_tonsus,Pachyptila_sp
Polycheria_spp,Pachyptila_sp
Pseudosagitta_gazellae,Pachyptila_sp
Rhincalanus_gigas,Pachyptila_sp
Themisto_gaudichaudii,Pachyptila_sp
Detritus,Pagurus_comptus
Liothyrella_uva,Pagurus_comptus
Magellania_venosa,Pagurus_comptus
Necromass,Pagurus_comptus
Terebratella_dorsata,Pagurus_comptus
Detritus,Pagurus_forceps
Liothyrella_uva,Pagurus_forceps
Magellania_venosa,Pagurus_forceps
Necromass,Pagurus_forceps
Terebratella_dorsata,Pagurus_forceps
Necromass,Parabuccinum_politum
Aspidostoma_giganteum,Paralomis_granulosa
Burdwoodipora_paguricola,Paralomis_granulosa
Calliostoma_modestulum,Paralomis_granulosa
Calliostoma_moebiusi,Paralomis_granulosa
Emiliania_huxleyi,Paralomis_granulosa
Foraminifera,Paralomis_granulosa
Liothyrella_uva,Paralomis_granulosa
Magellania_venosa,Paralomis_granulosa
Margarella_expansa,Paralomis_granulosa
Margarella_violacea,Paralomis_granulosa
Phaeocystis_antarctica,Paralomis_granulosa
Pseudechinus_magellanicus,Paralomis_granulosa
Terebratella_dorsata,Paralomis_granulosa
Liothyrella_uva,Paralomis_spinosissima
Terebratella_dorsata,Paralomis_spinosissima
Detritus,Paramunna_integra
Diatoms_centric,Paraonidae
Bacteria,Paraonidae
Detritus,Paraonidae
Foraminifera,Paraonidae
Liothyrella_uva,Patagonotothen_cornucola
Magellania_venosa,Patagonotothen_cornucola
Terebratella_dorsata,Patagonotothen_cornucola
Liothyrella_uva,Patagonotothen_elegans
Magellania_venosa,Patagonotothen_elegans
Terebratella_dorsata,Patagonotothen_elegans
Acanthoserolis_schythei,Patagonotothen_guntheri
Aglaophamus_virginis,Patagonotothen_guntheri
Ampharete_kerguelensis,Patagonotothen_guntheri
Anobothrus_sp,Patagonotothen_guntheri
Aspidostoma_giganteum,Patagonotothen_guntheri
Burdwoodipora_paguricola,Patagonotothen_guntheri
Calanus_spp,Patagonotothen_guntheri
Campylaspis_bacescui,Patagonotothen_guntheri
Campylaspis_frigida,Patagonotothen_guntheri
Cirratulidae,Patagonotothen_guntheri
Clausocalanus_spp,Patagonotothen_guntheri
Ctenocalanus_vanus,Patagonotothen_guntheri
Cumella_argentinae,Patagonotothen_guntheri
Diastylis_granulata,Patagonotothen_guntheri
Diastylis_hammoniae,Patagonotothen_guntheri
Diastylis_planifrons,Patagonotothen_guntheri
Drepanopus_forcipatus,Patagonotothen_guntheri
Eggs_Fish,Patagonotothen_guntheri
Ekleptostylis_heardi,Patagonotothen_guntheri
Ekleptostylis_vemae,Patagonotothen_guntheri
Eteone_aurantiaca,Patagonotothen_guntheri
Eteone_sp,Patagonotothen_guntheri
Eudorella_sp,Patagonotothen_guntheri
Eukrohnia_hamata,Patagonotothen_guntheri
Eunereis_patagonica,Patagonotothen_guntheri
Eunice_pennata,Patagonotothen_guntheri
Euphausia_spp,Patagonotothen_guntheri
Hemilamprops_chilensis,Patagonotothen_guntheri
Holostylis_uniramosa,Patagonotothen_guntheri
Ianthopsis_laevis,Patagonotothen_guntheri
Jassa_alonsoae,Patagonotothen_guntheri
Leucon_septemdentatus,Patagonotothen_guntheri
Liothyrella_uva,Patagonotothen_guntheri
Lithodes_confundens,Patagonotothen_guntheri
Lithodes_couesi,Patagonotothen_guntheri
Lithodes_turkayi,Patagonotothen_guntheri
Magellania_venosa,Patagonotothen_guntheri
Munida_gregaria,Patagonotothen_guntheri
Neocalanus_tonsus,Patagonotothen_guntheri
Neoserolis_exigua,Patagonotothen_guntheri
Nephtys_sp,Patagonotothen_guntheri
Nicon_maculata,Patagonotothen_guntheri
Oithona_spp,Patagonotothen_guntheri
Pareuthria_atrata,Patagonotothen_guntheri
Pareuthria_fuscata,Patagonotothen_guntheri
Pareuthria_venustula,Patagonotothen_guntheri
Patagonotothen_guntheri,Patagonotothen_guntheri
Platytyphlops_sarahae,Patagonotothen_guntheri
Pseudosagitta_gazellae,Patagonotothen_guntheri
Rhincalanus_gigas,Patagonotothen_guntheri
Serratosagitta_tasmanica,Patagonotothen_guntheri
Sympagurus_dimorphus,Patagonotothen_guntheri
Terebratella_dorsata,Patagonotothen_guntheri
Themisto_gaudichaudii,Patagonotothen_guntheri
Tinerfe_cyanea,Patagonotothen_guntheri
Trophon_geversianus,Patagonotothen_guntheri
Trophon_ohlini,Patagonotothen_guntheri
Trophon_plicatus,Patagonotothen_guntheri
Liothyrella_uva,Patagonotothen_kreffti
Magellania_venosa,Patagonotothen_kreffti
Terebratella_dorsata,Patagonotothen_kreffti
Ampharete_kerguelensis,Patagonotothen_ramsayi
Anobothrus_sp,Patagonotothen_ramsayi
Calanus_spp,Patagonotothen_ramsayi
Campylonotus_vagans,Patagonotothen_ramsayi
Clausocalanus_spp,Patagonotothen_ramsayi
Ctenocalanus_vanus,Patagonotothen_ramsayi
Drepanopus_forcipatus,Patagonotothen_ramsayi
Eucranta_sp,Patagonotothen_ramsayi
Eukrohnia_hamata,Patagonotothen_ramsayi
Euphausia_spp,Patagonotothen_ramsayi
Harmothoe_sp,Patagonotothen_ramsayi
Hermadion_magalhaensi,Patagonotothen_ramsayi
Iluocoetes_fimbriatus,Patagonotothen_ramsayi
Liothyrella_uva,Patagonotothen_ramsayi
Magellania_venosa,Patagonotothen_ramsayi
Munida_gregaria,Patagonotothen_ramsayi
Neocalanus_tonsus,Patagonotothen_ramsayi
Pagurus_comptus,Patagonotothen_ramsayi
Pagurus_forceps,Patagonotothen_ramsayi
Polyeunoa_laevis,Patagonotothen_ramsayi
Pseudosagitta_gazellae,Patagonotothen_ramsayi
Rhincalanus_gigas,Patagonotothen_ramsayi
Serratosagitta_tasmanica,Patagonotothen_ramsayi
Terebratella_dorsata,Patagonotothen_ramsayi
Themisto_gaudichaudii,Patagonotothen_ramsayi
Tinerfe_cyanea,Patagonotothen_ramsayi
Diatoms_centric,Pelagobia_longicirrata
Dictyocha_speculum,Pelagobia_longicirrata
Foraminifera,Pelagobia_longicirrata
Pelagobia_longicirrata,Pelagobia_longicirrata
Dinoflagellates_heterosol,Pelagobia_longicirrata
Pseudosagitta_gazellae,Pelagobia_longicirrata
Calanus_spp,Pelecanoides_sp
Clausocalanus_spp,Pelecanoides_sp
Ctenocalanus_vanus,Pelecanoides_sp
Drepanopus_forcipatus,Pelecanoides_sp
Euphausia_spp,Pelecanoides_sp
Halicarcinus_planatus,Pelecanoides_sp
Neocalanus_tonsus,Pelecanoides_sp
Oithona_spp,Pelecanoides_sp
Rhincalanus_gigas,Pelecanoides_sp
Themisto_gaudichaudii,Pelecanoides_sp
Diatoms_centric,Pentactella_leonina
Detritus,Pentactella_leonina
Diatoms_centric,Pentactella_perrieri
Detritus,Pentactella_perrieri
Detritus,Perknaster_fuscus
Haliclona_sp,Perknaster_fuscus
Isodictya_sp,Perknaster_fuscus
Mycale_sp,Perknaster_fuscus
Mycale_sp,Perknaster_sp
Agonopsis_chiloensis,Phalacrocorax_atriceps
Enteroctopus_megalocyathus,Phalacrocorax_atriceps
Lepidonotothen_squamifrons,Phalacrocorax_atriceps
Liothyrella_uva,Phalacrocorax_atriceps
Magellania_venosa,Phalacrocorax_atriceps
Micromesistius_australis,Phalacrocorax_atriceps
Muraenolepis_sp,Phalacrocorax_atriceps
Sprattus_fuegensis,Phalacrocorax_atriceps
Terebratella_dorsata,Phalacrocorax_atriceps
Detritus,Pista_corrientis
Detritus,Pista_mirabilis
Detritus,Pista_sp
Detritus,Platytyphlops_sarahae
Detritus,Pleurosignum_chilense
Detritus,Pleurosignum_magnum
Azadinium_sp,Polyclinidae
Bacteria,Polyclinidae
Detritus,Polyclinidae
Dinoflagellates_heterosol,Polyclinidae
Emiliania_huxleyi,Polyclinidae
Gymnodinium_sp,Polyclinidae
Phaeocystis_antarctica,Polyclinidae
Diatoms_centric,Polydora_sp
Boccardia_sp,Polydora_sp
Cirratulidae,Polydora_sp
Foraminifera,Polydora_sp
Oithona_spp,Polydora_sp
Orbiniidae,Polydora_sp
Polydora_sp,Polydora_sp
Spiophanes_sp,Polydora_sp
Alcyonium_antarcticum,Polyeunoa_laevis
Detritus,Polyeunoa_laevis
Detritus,Potamilla_sp
Diatoms_centric,Primnoisis_antarctica
Detritus,Primnoisis_antarctica
Coelorinchus_fasciatus,Procellaria_aequinoctialis
Dissostichus_eleginoides,Procellaria_aequinoctialis
Doryteuthis_gahi,Procellaria_aequinoctialis
Euphausia_spp,Procellaria_aequinoctialis
Micromesistius_australis,Procellaria_aequinoctialis
Necromass,Procellaria_aequinoctialis
Patagonotothen_guntheri,Procellaria_aequinoctialis
Themisto_gaudichaudii,Procellaria_aequinoctialis
Necromass,Prosipho_crassicostatus
Diatoms_centric,Protoperidinium_sp
Gymnodinium_sp,Protoperidinium_sp
Munida_gregaria,Psammobatis_rudis
Tinerfe_cyanea,Psammobatis_rudis
Aspidostoma_giganteum,Pseudechinus_magellanicus
Burdwoodipora_paguricola,Pseudechinus_magellanicus
Foraminifera,Pseudechinus_magellanicus
Odostomia_sp,Pseudechinus_magellanicus
Turbonilla_strebeli,Pseudechinus_magellanicus
Detritus,Pseudidothea_miersi
Appendicularia_spp,Pseudosagitta_gazellae
Azadinium_sp,Pseudosagitta_gazellae
Calanus_spp,Pseudosagitta_gazellae
Diatoms_centric,Pseudosagitta_gazellae
Dictyocha_speculum,Pseudosagitta_gazellae
Dinoflagellates_heterosol,Pseudosagitta_gazellae
Euphausia_spp,Pseudosagitta_gazellae
Foraminifera,Pseudosagitta_gazellae
Gymnodinium_sp,Pseudosagitta_gazellae
Larvae_Fish,Pseudosagitta_gazellae
Pelagobia_longicirrata,Pseudosagitta_gazellae
Pseudosagitta_gazellae,Pseudosagitta_gazellae
Rhodalia_miranda,Pseudosagitta_gazellae
Detritus,Psolus_antarcticus
Diatoms_benthic,Psolus_antarcticus
Detritus,Psolus_patagonicus
Diatoms_benthic,Psolus_patagonicus
Detritus,Psolus_segregatus
Diatoms_benthic,Psolus_segregatus
Acanthoserolis_schythei,Psychrolutes_marmoratus
Actinauge_longicornis,Psychrolutes_marmoratus
Actinostola_crassicornis,Psychrolutes_marmoratus
Aspidostoma_giganteum,Psychrolutes_marmoratus
Austrodoris_sp,Psychrolutes_marmoratus
Bolocera_kerguelensis,Psychrolutes_marmoratus
Burdwoodipora_paguricola,Psychrolutes_marmoratus
Clavularia_sp,Psychrolutes_marmoratus
Colossendeis_megalonyx,Psychrolutes_marmoratus
Dactylanthus_antarcticus,Psychrolutes_marmoratus
Eggs_Fish,Psychrolutes_marmoratus
Enteroctopus_megalocyathus,Psychrolutes_marmoratus
Eurypodius_latreillii,Psychrolutes_marmoratus
Eurypodius_longirostris,Psychrolutes_marmoratus
Eurypodius_sp,Psychrolutes_marmoratus
Hormathia_pectinata,Psychrolutes_marmoratus
Iluocoetes_fimbriatus,Psychrolutes_marmoratus
Isosicyonis_alba,Psychrolutes_marmoratus
Munida_gregaria,Psychrolutes_marmoratus
Myxine_affinis,Psychrolutes_marmoratus
Myxine_australis,Psychrolutes_marmoratus
Myxine_debueni,Psychrolutes_marmoratus
Myxine_sp,Psychrolutes_marmoratus
Neoserolis_exigua,Psychrolutes_marmoratus
Paractis_laevis,Psychrolutes_marmoratus
Paralomis_granulosa,Psychrolutes_marmoratus
Patagonotothen_ramsayi,Psychrolutes_marmoratus
Phelliactis_sp,Psychrolutes_marmoratus
Thymops_birsteini,Psychrolutes_marmoratus
Zygochlamys_patagonica,Psychrolutes_marmoratus
Limopsis_sp,Pteraster_affinis
Pteraster_affinis,Odontaster_sp
Aplidium_globosum,Pteraster_sp
Aplidium_polarsterni,Pteraster_sp
Halichondrida,Pteraster_sp
Zygochlamys_patagonica,Pteraster_sp
Detritus,Puncturella_conica
Foraminifera,Puncturella_conica
Latrunculia_sp,Puncturella_conica
Detritus,Quetzogonium_dentatum
Detritus,Rectarcturus_kophameli
Detritus,Rectarcturus_tuberculatus
Azadinium_sp,Rhincalanus_gigas
Cyrtostrombidium_sp,Rhincalanus_gigas
Dictyocha_speculum,Rhincalanus_gigas
Dinoflagellates_heterosol,Rhincalanus_gigas
Foraminifera,Rhincalanus_gigas
Diatoms_pennate,Rhincalanus_gigas
Gymnodinium_sp,Rhincalanus_gigas
Laboea_strobila,Rhincalanus_gigas
Lohmanniella_sp,Rhincalanus_gigas
Pelagobia_longicirrata,Rhincalanus_gigas
Rhizosolenia_crassa,Rhincalanus_gigas
Strobilidium_sp,Rhincalanus_gigas
Strombidinopsis_sp,Rhincalanus_gigas
Strombidium_conicum,Rhincalanus_gigas
Strombidium_sp,Rhincalanus_gigas
Diatoms_benthic,Rhincalanus_gigas
Diatoms_centric,Sabellidae
Bacteria,Sabellidae
Detritus,Sabellidae
Oithona_spp,Sabellidae
Acanthoserolis_schythei,Salilota_australis
Cottoperca_trigloides,Salilota_australis
Dissostichus_eleginoides,Salilota_australis
Doryteuthis_gahi,Salilota_australis
Euphausia_spp,Salilota_australis
Iluocoetes_fimbriatus,Salilota_australis
Micromesistius_australis,Salilota_australis
Munida_gregaria,Salilota_australis
Neoserolis_exigua,Salilota_australis
Patagonotothen_ramsayi,Salilota_australis
Sprattus_fuegensis,Salilota_australis
Themisto_gaudichaudii,Salilota_australis
Tinerfe_cyanea,Salilota_australis
Detritus,Santia_compacta
Detritus,Schizasteridae
Bacteria,Serpula_narconensis
Bacteria,Serpula_sp
Larvae_Fish,Serratosagitta_tasmanica
Agonopsis_chiloensis,Spheniscus_magellanicus
Doryteuthis_gahi,Spheniscus_magellanicus
Enteroctopus_megalocyathus,Spheniscus_magellanicus
Euphausia_spp,Spheniscus_magellanicus
Micromesistius_australis,Spheniscus_magellanicus
Munida_gregaria,Spheniscus_magellanicus
Munida_spinosa,Spheniscus_magellanicus
Sprattus_fuegensis,Spheniscus_magellanicus
Detritus,Spiophanes_sp
Foraminifera,Spiophanes_sp
Orbiniidae,Spiophanes_sp
Detritus,Sporonana_sp
Appendicularia_spp,Sprattus_fuegensis
Calanus_spp,Sprattus_fuegensis
Clausocalanus_spp,Sprattus_fuegensis
Diatoms_centric,Sprattus_fuegensis
Ctenocalanus_vanus,Sprattus_fuegensis
Drepanopus_forcipatus,Sprattus_fuegensis
Eggs_Fish,Sprattus_fuegensis
Eukrohnia_hamata,Sprattus_fuegensis
Euphausia_spp,Sprattus_fuegensis
Larvae_Fish,Sprattus_fuegensis
Neocalanus_tonsus,Sprattus_fuegensis
Oithona_spp,Sprattus_fuegensis
Diatoms_pennate,Sprattus_fuegensis
Pseudosagitta_gazellae,Sprattus_fuegensis
Rhincalanus_gigas,Sprattus_fuegensis
Serratosagitta_tasmanica,Sprattus_fuegensis
Themisto_gaudichaudii,Sprattus_fuegensis
Enteroctopus_megalocyathus,Squalus_acanthias
Haliclona_sp,Sterechinus_agassizii
Zygochlamys_patagonica,Sterechinus_agassizii
Gymnodinium_sp,Strobilidium_sp
Diatoms_centric,Syllidae
Bacteria,Syllidae
Detritus,Syllidae
Foraminifera,Syllidae
Detritus,Sympagurus_dimorphus
Dissostichus_eleginoides,Tasmacetus_shepherdi
Doryteuthis_gahi,Tasmacetus_shepherdi
Micromesistius_australis,Tasmacetus_shepherdi
Astarte_sp,Tectonatica_impervia
Liothyrella_uva,Tectonatica_impervia
Magellania_venosa,Tectonatica_impervia
Terebratella_dorsata,Tectonatica_impervia
Detritus,Terebellides_malvinensis
Azadinium_sp,Tetrazona_glareosa
Diatoms_centric,Tetrazona_glareosa
Bacteria,Tetrazona_glareosa
Detritus,Tetrazona_glareosa
Dinoflagellates_heterosol,Tetrazona_glareosa
Emiliania_huxleyi,Tetrazona_glareosa
Gymnodinium_sp,Tetrazona_glareosa
Phaeocystis_antarctica,Tetrazona_glareosa
Coelorinchus_fasciatus,Thalassarche_chrysostoma
Coelorinchus_kayomaru,Thalassarche_chrysostoma
Coelorinchus_marinii,Thalassarche_chrysostoma
Dissostichus_eleginoides,Thalassarche_chrysostoma
Doryteuthis_gahi,Thalassarche_chrysostoma
Euphausia_spp,Thalassarche_chrysostoma
Lepidonotothen_squamifrons,Thalassarche_chrysostoma
Macrourus_carinatus,Thalassarche_chrysostoma
Macrourus_holotrachys,Thalassarche_chrysostoma
Macrourus_whitsoni,Thalassarche_chrysostoma
Muraenolepis_sp,Thalassarche_chrysostoma
Necromass,Thalassarche_chrysostoma
Pagurus_comptus,Thalassarche_chrysostoma
Pagurus_forceps,Thalassarche_chrysostoma
Patagonotothen_guntheri,Thalassarche_chrysostoma
Themisto_gaudichaudii,Thalassarche_chrysostoma
Acanthoserolis_schythei,Thalassarche_melanophris
Aega_semicarinata,Thalassarche_melanophris
Dissostichus_eleginoides,Thalassarche_melanophris
Doryteuthis_gahi,Thalassarche_melanophris
Euphausia_spp,Thalassarche_melanophris
Guttigadus_kongi,Thalassarche_melanophris
Halicarcinus_planatus,Thalassarche_melanophris
Jassa_alonsoae,Thalassarche_melanophris
Lepidonotothen_squamifrons,Thalassarche_melanophris
Macrourus_carinatus,Thalassarche_melanophris
Macrourus_holotrachys,Thalassarche_melanophris
Macrourus_whitsoni,Thalassarche_melanophris
Mancopsetta_maculata,Thalassarche_melanophris
Margarella_expansa,Thalassarche_melanophris
Micromesistius_australis,Thalassarche_melanophris
Munida_gregaria,Thalassarche_melanophris
Muraenolepis_sp,Thalassarche_melanophris
Necromass,Thalassarche_melanophris
Neoserolis_exigua,Thalassarche_melanophris
Patagonotothen_guntheri,Thalassarche_melanophris
Sprattus_fuegensis,Thalassarche_melanophris
Themisto_gaudichaudii,Thalassarche_melanophris
Diatoms_centric,Thelepus_sp
Diatoms_centric,Themisto_gaudichaudii
Calanus_spp,Themisto_gaudichaudii
Clausocalanus_spp,Themisto_gaudichaudii
Euphausia_spp,Themisto_gaudichaudii
Larvae_Fish,Themisto_gaudichaudii
Pelagobia_longicirrata,Themisto_gaudichaudii
Pseudosagitta_gazellae,Themisto_gaudichaudii
Liothyrella_uva,Thymops_birsteini
Terebratella_dorsata,Thymops_birsteini
Bacteria,Tinerfe_cyanea
Calanus_spp,Tinerfe_cyanea
Eggs_Fish,Tinerfe_cyanea
Euphausia_spp,Tinerfe_cyanea
Larvae_Fish,Tinerfe_cyanea
Pseudosagitta_gazellae,Tinerfe_cyanea
Themisto_gaudichaudii,Tinerfe_cyanea
Aspidostoma_giganteum,Tonicia_lebruni
Detritus,Tonicia_lebruni
Detritus,Travisia_kerguelensis
Foraminifera,Travisia_kerguelensis
Astarte_sp,Trophon_geversianus
Calliostoma_modestulum,Trophon_geversianus
Calliostoma_moebiusi,Trophon_geversianus
Colpospirella_algida,Trophon_geversianus
Cyclochlamys_argentina,Trophon_geversianus
Epitonium_sp,Trophon_geversianus
Eurhomalea_sp,Trophon_geversianus
Hiatella_sp,Trophon_geversianus
Liothyrella_uva,Trophon_geversianus
Magellania_venosa,Trophon_geversianus
Odostomia_sp,Trophon_geversianus
Pellilitorina_pellita,Trophon_geversianus
Terebratella_dorsata,Trophon_geversianus
Zygochlamys_patagonica,Trophon_geversianus
Astarte_sp,Trophon_ohlini
Calliostoma_modestulum,Trophon_ohlini
Calliostoma_moebiusi,Trophon_ohlini
Colpospirella_algida,Trophon_ohlini
Cyclochlamys_argentina,Trophon_ohlini
Epitonium_sp,Trophon_ohlini
Eurhomalea_sp,Trophon_ohlini
Hiatella_sp,Trophon_ohlini
Liothyrella_uva,Trophon_ohlini
Magellania_venosa,Trophon_ohlini
Odostomia_sp,Trophon_ohlini
Pellilitorina_pellita,Trophon_ohlini
Terebratella_dorsata,Trophon_ohlini
Zygochlamys_patagonica,Trophon_ohlini
Astarte_sp,Trophon_plicatus
Calliostoma_modestulum,Trophon_plicatus
Calliostoma_moebiusi,Trophon_plicatus
Colpospirella_algida,Trophon_plicatus
Cyclochlamys_argentina,Trophon_plicatus
Epitonium_sp,Trophon_plicatus
Eurhomalea_sp,Trophon_plicatus
Hiatella_sp,Trophon_plicatus
Liothyrella_uva,Trophon_plicatus
Magellania_venosa,Trophon_plicatus
Odostomia_sp,Trophon_plicatus
Pellilitorina_pellita,Trophon_plicatus
Terebratella_dorsata,Trophon_plicatus
Zygochlamys_patagonica,Trophon_plicatus
Detritus,Uromunna_nana
Detritus,Uromunna_sp
Dissostichus_eleginoides,Ziphius_cavirostris
Doryteuthis_gahi,Ziphius_cavirostris
Macruronus_novaezelandiae,Ziphius_cavirostris
Micromesistius_australis,Ziphius_cavirostris
Diatoms_centric,Zygochlamys_patagonica
Detritus,Zygochlamys_patagonica
Dictyocha_speculum,Zygochlamys_patagonica
Dinoflagellates_heterosol,Zygochlamys_patagonica
Foraminifera,Zygochlamys_patagonica
Larvae_Nauplii,Zygochlamys_patagonica
Diatoms_benthic,Zygochlamys_patagonica
Detritus,Leucothoe_spinicarpa
Diatoms_centric,Polycheria_spp
Detritus,Polycheria_spp
Diatoms_centric,Jassa_alonsoae
Hexactinellida,Seba_subantarctica
Bacteria,Hexactinellida
Foraminifera,Hexactinellida
Dinoflagellates_heterosol,Hexactinellida
Necromass,Andaniotes_linearis
Detritus,Stenothoidae
Themisto_gaudichaudii,Tryphosites_chevreuxi
Mycale_sp,Aristias_antarcticus
Diatoms_pennate,Protoperidinium_sp
Diatoms_benthic,Protoperidinium_sp
Diatoms_pennate,Abyssianira_argentenensis
Diatoms_benthic,Abyssianira_argentenensis
Diatoms_pennate,Abyssianira_dentifrons
Diatoms_benthic,Abyssianira_dentifrons
Diatoms_pennate,Abyssianira_spp
Diatoms_benthic,Abyssianira_spp
Diatoms_pennate,Alcyonium_antarcticum
Diatoms_benthic,Alcyonium_antarcticum
Diatoms_pennate,Ampharete_kerguelensis
Diatoms_benthic,Ampharete_kerguelensis
Diatoms_pennate,Aplidium_falklandicum
Diatoms_benthic,Aplidium_falklandicum
Diatoms_pennate,Aplidium_fuegiense
Diatoms_benthic,Aplidium_fuegiense
Diatoms_pennate,Aplidium_globosum
Diatoms_benthic,Aplidium_globosum
Diatoms_pennate,Aplidium_meridianum
Diatoms_benthic,Aplidium_meridianum
Diatoms_pennate,Aplidium_polarsterni
Diatoms_benthic,Aplidium_polarsterni
Diatoms_pennate,Astrotoma_agassizii
Diatoms_benthic,Astrotoma_agassizii
Diatoms_pennate,Boccardia_sp
Diatoms_benthic,Boccardia_sp
Diatoms_pennate,Campylaspis_bacescui
Diatoms_benthic,Campylaspis_bacescui
Diatoms_pennate,Campylaspis_frigida
Diatoms_benthic,Campylaspis_frigida
Diatoms_pennate,Cladodactyla_crocea
Diatoms_benthic,Cladodactyla_crocea
Diatoms_pennate,Clavularia_sp
Diatoms_benthic,Clavularia_sp
Diatoms_pennate,Cnemidocarpa_verrucosa
Diatoms_benthic,Cnemidocarpa_verrucosa
Diatoms_pennate,Cystodytes_antarcticus
Diatoms_benthic,Cystodytes_antarcticus
Diatoms_pennate,Diastylis_granulata
Diatoms_benthic,Diastylis_granulata
Diatoms_pennate,Diastylis_hammoniae
Diatoms_benthic,Diastylis_hammoniae
Diatoms_pennate,Diastylis_planifrons
Diatoms_benthic,Diastylis_planifrons
Diatoms_pennate,Eudorella_sp
Diatoms_benthic,Eudorella_sp
Diatoms_pennate,Glabraster_antarctica
Diatoms_benthic,Glabraster_antarctica
Diatoms_pennate,Gyrodinium_sp
Diatoms_benthic,Gyrodinium_sp
Diatoms_pennate,Haliclona_sp
Diatoms_benthic,Haliclona_sp
Diatoms_pennate,Harmothoe_sp
Diatoms_benthic,Harmothoe_sp
Diatoms_pennate,Laetmonice_producta
Diatoms_benthic,Laetmonice_producta
Diatoms_pennate,Larvae_Nauplii
Diatoms_benthic,Larvae_Nauplii
Diatoms_pennate,Magelona_alleni
Diatoms_benthic,Magelona_alleni
Diatoms_pennate,Mycale_sp
Diatoms_benthic,Mycale_sp
Diatoms_pennate,Neocalanus_tonsus
Diatoms_benthic,Neocalanus_tonsus
Diatoms_pennate,Nephtys_sp
Diatoms_benthic,Nephtys_sp
Diatoms_pennate,Oithona_spp
Diatoms_benthic,Oithona_spp
Diatoms_pennate,Ophiocten_amitinum
Diatoms_benthic,Ophiocten_amitinum
Diatoms_pennate,Ophiolimna_antarctica
Diatoms_benthic,Ophiolimna_antarctica
Diatoms_pennate,Orbiniidae
Diatoms_benthic,Orbiniidae
Diatoms_pennate,Ornatoscalpellum_gibberum
Diatoms_benthic,Ornatoscalpellum_gibberum
Diatoms_pennate,Paraonidae
Diatoms_benthic,Paraonidae
Diatoms_pennate,Pentactella_leonina
Diatoms_benthic,Pentactella_leonina
Diatoms_pennate,Pentactella_perrieri
Diatoms_benthic,Pentactella_perrieri
Diatoms_pennate,Polydora_sp
Diatoms_benthic,Polydora_sp
Diatoms_pennate,Primnoisis_antarctica
Diatoms_benthic,Primnoisis_antarctica
Diatoms_pennate,Sabellidae
Diatoms_benthic,Sabellidae
Diatoms_pennate,Syllidae
Diatoms_benthic,Syllidae
Diatoms_pennate,Tetrazona_glareosa
Diatoms_benthic,Tetrazona_glareosa
Diatoms_pennate,Thelepus_sp
Diatoms_benthic,Thelepus_sp
Diatoms_pennate,Themisto_gaudichaudii
Diatoms_benthic,Themisto_gaudichaudii
Diatoms_pennate,Zygochlamys_patagonica
Diatoms_pennate,Polycheria_spp
Diatoms_benthic,Polycheria_spp
Diatoms_pennate,Jassa_alonsoae
Diatoms_benthic,Jassa_alonsoae
